<<<<<<< HEAD
﻿<?xml version="1.0" encoding="utf-8"?><meta xmlns:xsi="http://www.w3.org/2001/XMLSchema-instance" xmlns:xsd="http://www.w3.org/2001/XMLSchema"><project id="5tlzfQ4AiTF" courseid="5neLgXSJRHa_course_id" thumburl="story_content/thumbnail.jpg" title="Actividad didáctica" datepublished="2022-03-12T01:16:47" version="1.0.0.0" flashdata="story_content/data.swf" html5data="mobile/data.json" mobiledata="mobile/data.gz" enabledownload="false" duration="Acerca de 60 segundos" totalaudio="0" totalvideo="0"><description /><keywords /><slidemeta moniker="diapositiva" monikerplural="diapositivas" viewslides="12" slidecountdescription="12 diapositivas" /><author name="PC-Eux" email="" website="" /><application name="Articulate Storyline" version="3.61.27106.0" xmlversion="4.0" /></project></meta>
=======
﻿<?xml version="1.0" encoding="utf-8"?><meta xmlns:xsi="http://www.w3.org/2001/XMLSchema-instance" xmlns:xsd="http://www.w3.org/2001/XMLSchema"><project id="5jCpZS5jeJI" courseid="5neLgXSJRHa_course_id" thumburl="story_content/thumbnail.jpg" title="Actividad didáctica" datepublished="2022-03-10T03:28:17" version="1.0.0.0" flashdata="story_content/data.swf" html5data="mobile/data.json" mobiledata="mobile/data.gz" enabledownload="false" duration="Acerca de 60 segundos" totalaudio="0" totalvideo="0"><description /><keywords /><slidemeta moniker="diapositiva" monikerplural="diapositivas" viewslides="12" slidecountdescription="12 diapositivas" /><author name="PC-Eux" email="" website="" /><application name="Articulate Storyline" version="3.61.27106.0" xmlversion="4.0" /></project></meta>
>>>>>>> ebd3464b3c6afe80c0db95b35a9d7f7d41f790ef
